Dates,AMZN,WFC,BAC,NFLX,GOLD,AAPL
2007-12-31,93.80999755859375,30.09000015258789,40.90999984741211,3.8499999046325684,42.790000915527344,28.5
2008-01-02,95.3499984741211,30.479999542236328,41.529998779296875,3.794285774230957,42.95000076293945,28.46714210510254
2008-01-04,96.05999755859375,29.25,40.630001068115234,3.9914286136627197,46.0099983215332,27.915714263916016
2008-01-07,93.26000213623047,28.25,40.0,3.7200000286102295,48.34000015258789,27.350000381469727
2008-01-03,88.62000274658203,27.700000762939453,40.04999923706055,3.5299999713897705,47.58000183105469,25.89285659790039
2008-01-08,87.55000305175781,27.8700008392334,40.18000030517578,3.5428571701049805,48.7599983215332,25.734285354614258
2008-01-09,87.55999755859375,26.5,38.380001068115234,3.3157143592834473,48.68000030517578,24.47142791748047
2008-01-10,83.9800033569336,26.559999465942383,38.400001525878906,3.234285831451416,49.31999969482422,25.368572235107422
2008-01-11,84.02999877929688,27.709999084472656,39.40999984741211,3.5,49.279998779296875,25.14285659790039
2008-01-14,82.18000030517578,28.3799991607666,38.7599983215332,3.408571481704712,52.560001373291016,25.360000610351562
2008-01-15,80.48999786376953,27.209999084472656,38.79999923706055,3.231428623199463,51.34000015258789,25.38857078552246
2008-03-14,79.58000183105469,27.700000762939453,37.68000030517578,3.078571319580078,49.7400016784668,23.604286193847656
2008-06-18,80.16000366210938,27.510000228881836,39.16999816894531,3.1314284801483154,47.81999969482422,23.072856903076172
2009-01-28,79.93000030517578,26.65999984741211,37.25,3.1157143115997314,47.400001525878906,23.101428985595703
2008-04-15,73.58000183105469,24.3799991607666,33.119998931884766,3.0328571796417236,45.0099983215332,21.15142822265625
2008-11-25,75.5999984741211,26.209999084472656,36.83000183105469,3.1500000953674316,48.47999954223633,19.45571517944336
2009-04-02,74.52999877929688,30.0,40.5,3.377142906188965,50.959999084472656,19.998571395874023
2008-10-07,78.69000244140625,31.540000915527344,40.119998931884766,3.182857036590576,51.83000183105469,19.855714797973633
2008-01-25,76.91000366210938,30.40999984741211,39.43000030517578,3.1628570556640625,52.75,18.308570861816406
2008-02-26,75.7699966430664,32.0,41.65999984741211,3.2957143783569336,53.7599983215332,18.735713958740234
2008-04-30,73.54000091552734,32.47999954223633,41.84000015258789,3.338571310043335,53.29999923706055,18.76714324951172
2008-09-05,68.91000366210938,32.209999084472656,41.779998779296875,3.221428632736206,52.47999954223633,18.492856979370117
2008-08-04,79.0199966430664,33.2599983215332,44.119998931884766,3.544285774230957,52.0,19.46285629272461
2008-07-03,74.5,32.38999938964844,44.75,3.627142906188965,50.20000076293945,19.1728572845459
2009-03-16,72.80000305175781,30.579999923706055,43.02000045776367,3.640000104904175,48.13999938964844,18.632856369018555
2009-02-12,72.30000305175781,30.84000015258789,42.709999084472656,3.6857142448425293,49.22999954223633,18.690000534057617
2008-12-10,67.37000274658203,29.84000015258789,42.16999816894531,3.658571481704712,48.290000915527344,17.13857078552246
2009-04-08,73.4000015258789,30.360000610351562,43.220001220703125,3.778571367263794,48.52000045776367,17.440000534057617
2008-03-12,73.13999938964844,29.899999618530273,42.790000915527344,3.851428508758545,50.27000045776367,18.28714370727539
2008-10-22,75.43000030517578,29.780000686645508,42.40999984741211,3.8557143211364746,50.11000061035156,18.671428680419922
2008-08-19,74.98999786376953,30.209999084472656,43.060001373291016,3.867142915725708,48.099998474121094,18.097143173217773
2008-07-18,77.7300033569336,30.540000915527344,43.400001525878906,3.8457143306732178,48.54999923706055,18.485713958740234
2008-06-16,75.0,29.420000076293945,42.0,3.7928571701049805,48.119998931884766,18.038572311401367
2009-02-27,73.54000091552734,30.5,43.18000030517578,3.7614285945892334,48.939998626708984,17.998571395874023
2008-05-15,71.9000015258789,29.540000915527344,42.20000076293945,3.781428575515747,49.38999938964844,17.457143783569336
2009-01-26,73.94000244140625,30.81999969482422,43.029998779296875,3.9285714626312256,50.97999954223633,18.007143020629883
2009-03-31,70.54000091552734,30.860000610351562,42.29999923706055,3.9571428298950195,50.279998779296875,17.497142791748047
2009-04-14,72.3499984741211,31.200000762939453,42.27000045776367,3.958571434020996,50.470001220703125,16.941429138183594
2009-04-17,71.91000366210938,31.59000015258789,42.709999084472656,3.9728572368621826,49.63999938964844,16.805713653564453
2009-04-20,70.68000030517578,30.84000015258789,42.349998474121094,4.369999885559082,50.95000076293945,16.889999389648438
2008-07-01,70.30000305175781,31.43000030517578,42.59000015258789,4.5171427726745605,51.70000076293945,18.171428680419922
2008-05-30,67.01000213623047,30.260000228881836,41.02000045776367,4.54714298248291,53.2400016784668,18.469999313354492
2009-02-10,63.59000015258789,29.239999771118164,39.7400016784668,4.535714149475098,52.779998779296875,17.777143478393555
2009-01-09,61.66999816894531,28.440000534057617,38.7599983215332,4.365714073181152,53.209999084472656,17.427143096923828
2008-01-23,65.66000366210938,29.260000228881836,38.650001525878906,4.52571439743042,51.97999954223633,17.654285430908203
2008-03-27,64.75,28.59000015258789,36.95000076293945,4.522857189178467,52.84000015258789,17.801427841186523
2008-04-28,62.20000076293945,27.479999542236328,36.040000915527344,4.360000133514404,51.41999816894531,17.20142936706543
2008-12-08,63.900001525878906,28.479999542236328,37.130001068115234,4.5714287757873535,50.02000045776367,17.42571449279785
2008-11-06,65.94999694824219,29.8799991607666,36.900001525878906,4.785714149475098,50.0,17.72857093811035
2008-09-03,66.7699966430664,30.420000076293945,37.34000015258789,4.735714435577393,50.939998626708984,18.148571014404297
2009-04-23,65.11000061035156,28.799999237060547,36.36000061035156,4.794285774230957,51.86000061035156,17.72857093811035
2008-09-18,68.61000061035156,29.75,37.47999954223633,4.907142639160156,52.68000030517578,18.554285049438477
2008-07-16,65.72000122070312,27.25,34.36000061035156,4.687142848968506,52.58000183105469,17.507143020629883
2009-02-25,68.25,30.100000381469727,37.06999969482422,4.82285737991333,53.02000045776367,18.454286575317383
2008-03-10,71.0999984741211,31.690000534057617,39.279998779296875,4.998571395874023,48.9900016784668,19.01714324951172
2008-02-07,70.16999816894531,30.959999084472656,38.849998474121094,5.4285712242126465,43.68000030517578,18.731428146362305
2008-04-11,73.81999969482422,32.38999938964844,41.75,5.334285736083984,42.5099983215332,19.144285202026367
2008-05-13,75.83000183105469,32.040000915527344,41.650001525878906,5.491428375244141,42.959999084472656,19.994285583496094
2008-12-23,74.13999938964844,31.790000915527344,40.22999954223633,5.285714149475098,43.88999938964844,20.124286651611328
2008-11-21,74.37000274658203,31.200000762939453,40.0099983215332,5.317142963409424,45.54999923706055,20.707143783569336
2008-10-20,71.0,30.40999984741211,38.779998779296875,5.1914286613464355,44.75,20.257143020629883
2009-04-29,70.25,29.389999389648438,38.150001525878906,5.167142868041992,45.11000061035156,20.46714210510254
2009-05-05,72.98999786376953,30.329999923706055,39.2599983215332,5.0714287757873535,42.150001525878906,20.899999618530273
2008-11-04,77.08000183105469,31.709999084472656,40.88999938964844,5.164285659790039,42.209999084472656,21.25428581237793
2008-10-03,75.1500015258789,30.229999542236328,39.689998626708984,5.114285945892334,43.54999923706055,21.00857162475586
2008-07-31,75.26000213623047,30.809999465942383,40.220001220703125,5.357142925262451,43.459999084472656,21.74142837524414
2008-03-25,77.36000061035156,31.459999084472656,39.849998474121094,5.231428623199463,44.20000076293945,22.304285049438477
2008-02-22,76.4000015258789,30.270000457763672,39.18000030517578,5.215714454650879,43.61000061035156,21.935714721679688
2009-03-12,76.55999755859375,30.010000228881836,38.630001068115234,5.298571586608887,43.150001525878906,21.90142822265625
2008-05-28,74.4800033569336,29.309999465942383,37.939998626708984,5.151428699493408,44.41999816894531,21.59000015258789
2009-01-07,73.83999633789062,28.239999771118164,37.16999816894531,5.1785712242126465,43.5099983215332,21.817142486572266
2009-04-13,71.69999694824219,27.649999618530273,36.400001525878906,5.142857074737549,42.869998931884766,20.96714210510254
2009-05-15,72.97000122070312,27.479999542236328,36.11000061035156,5.142857074737549,43.400001525878906,21.342857360839844
2009-05-08,73.0199966430664,29.950000762939453,36.400001525878906,5.261428356170654,44.77000045776367,21.674285888671875
2008-06-12,74.18000030517578,28.700000762939453,36.709999084472656,5.557142734527588,46.2599983215332,22.0242862701416
2009-02-23,76.4800033569336,30.6299991607666,38.470001220703125,5.8185715675354,44.310001373291016,22.731428146362305
2009-01-22,80.02999877929688,29.8700008392334,37.790000915527344,5.508571624755859,44.119998931884766,23.1728572845459
2008-11-19,79.94000244140625,29.190000534057617,37.619998931884766,4.815714359283447,42.790000915527344,23.91428565979004
2008-09-16,80.30000305175781,29.440000534057617,37.20000076293945,4.302856922149658,42.02000045776367,23.435714721679688
2008-02-05,77.70999908447266,28.959999084472656,37.0099983215332,4.437142848968506,40.2599983215332,23.6200008392334
2008-04-09,77.80999755859375,30.059999465942383,38.27000045776367,4.738571643829346,39.70000076293945,24.385713577270508
2008-08-15,80.63999938964844,30.5,38.380001068115234,4.739999771118164,39.939998626708984,24.25
2008-07-14,81.41999816894531,30.34000015258789,38.06999969482422,4.664285659790039,38.31999969482422,24.444286346435547
2009-03-27,80.9000015258789,29.889999389648438,38.0099983215332,4.574285507202148,37.83000183105469,25.170000076293945
2009-05-14,78.4000015258789,29.770000457763672,37.65999984741211,4.524285793304443,37.599998474121094,24.994285583496094
2008-09-22,80.30000305175781,31.790000915527344,40.099998474121094,4.437142848968506,37.29999923706055,25.74142837524414
2008-07-29,77.2699966430664,31.1200008392334,39.400001525878906,4.464285850524902,38.4900016784668,25.988571166992188
2008-06-27,75.51000213623047,30.6299991607666,38.65999984741211,4.414285659790039,39.369998931884766,26.3799991607666
2009-03-10,75.26000213623047,31.219999313354492,39.279998779296875,4.385714054107666,39.0,26.578571319580078
2009-02-06,73.7300033569336,30.06999969482422,38.209999084472656,4.329999923706055,39.599998474121094,26.252857208251953
2009-01-05,72.19999694824219,29.25,37.209999084472656,4.287142753601074,40.970001220703125,26.165714263916016
2008-12-04,73.0,29.5,36.81999969482422,4.385714054107666,39.189998626708984,26.45857048034668
2008-02-20,74.56999969482422,29.790000915527344,37.459999084472656,4.375714302062988,38.060001373291016,26.944286346435547
2008-04-24,74.91999816894531,29.1299991607666,36.7400016784668,4.380000114440918,38.779998779296875,27.318571090698242
2008-10-01,73.88999938964844,28.979999542236328,36.880001068115234,4.3185715675354,38.77000045776367,26.687143325805664
2009-05-13,76.41999816894531,29.639999389648438,36.779998779296875,4.312857151031494,40.5099983215332,27.158571243286133
2009-05-26,79.01000213623047,29.0,36.220001220703125,4.505714416503906,40.84000015258789,26.837142944335938
2008-03-06,82.16999816894531,28.290000915527344,35.84000015258789,4.695714473724365,41.380001068115234,25.974285125732422
2008-11-17,80.37000274658203,27.950000762939453,35.400001525878906,4.597142696380615,42.40999984741211,26.5242862701416
2008-10-16,78.68000030517578,27.75,34.75,4.508571624755859,42.59000015258789,25.608572006225586
2008-08-13,78.55000305175781,27.829999923706055,34.58000183105469,4.507143020629883,43.0099983215332,25.82428550720215
2008-06-10,78.26000213623047,27.639999389648438,34.02000045776367,4.460000038146973,41.22999954223633,26.10714340209961
2008-05-09,80.7300033569336,27.709999084472656,34.439998626708984,4.574285507202148,40.04999923706055,26.772857666015625
2009-01-20,80.61000061035156,27.360000610351562,33.779998779296875,4.320000171661377,39.81999969482422,26.68000030517578
2008-04-07,80.58000183105469,28.290000915527344,34.79999923706055,4.351428508758545,39.619998931884766,26.77857208251953
2008-12-19,81.1500015258789,27.469999313354492,33.84000015258789,4.334285736083984,40.13999938964844,26.94285774230957
2009-03-25,80.70999908447266,27.260000228881836,33.79999923706055,4.4285712242126465,39.790000915527344,26.694286346435547
2009-05-29,80.11000061035156,26.610000610351562,32.310001373291016,4.524285793304443,39.720001220703125,26.288572311401367
2009-06-01,82.11000061035156,26.81999969482422,32.13999938964844,4.608571529388428,38.81999969482422,26.6200008392334
2009-02-04,83.23999786376953,26.799999237060547,31.649999618530273,4.6914286613464355,41.11000061035156,26.85714340209961
2008-01-17,81.19000244140625,25.719999313354492,30.780000686645508,4.545714378356934,42.0099983215332,26.398571014404297
2008-04-22,78.19999694824219,25.040000915527344,29.350000381469727,4.392857074737549,41.150001525878906,25.78714370727539
2008-12-02,79.3499984741211,26.110000610351562,30.049999237060547,4.364285945892334,40.0099983215332,26.334285736083984
2008-10-31,78.0199966430664,25.729999542236328,29.049999237060547,4.324285507202148,38.81999969482422,25.927143096923828
2008-09-29,76.69999694824219,26.299999237060547,29.780000686645508,4.480000019073486,38.189998626708984,24.520000457763672
2008-08-28,78.41999816894531,26.030000686645508,29.670000076293945,4.5714287757873535,39.58000183105469,24.47142791748047
2008-06-25,83.1500015258789,26.739999771118164,30.719999313354492,4.564285755157471,39.43000030517578,25.44285774230957
2009-04-09,82.0,25.0,28.850000381469727,4.444285869598389,40.029998779296875,25.874286651611328
2009-05-11,82.20999908447266,25.469999313354492,28.459999084472656,4.288571357727051,41.060001373291016,25.507143020629883
2008-08-11,83.0999984741211,24.559999465942383,27.309999465942383,4.608571529388428,40.63999938964844,25.621429443359375
2008-07-10,81.30000305175781,24.6299991607666,27.18000030517578,4.5,39.7400016784668,24.96285629272461
2008-02-01,79.55000305175781,24.219999313354492,25.969999313354492,4.248571395874023,40.90999984741211,24.624286651611328
2008-03-04,80.44999694824219,25.3700008392334,26.889999389648438,4.164285659790039,41.130001068115234,24.944286346435547
2009-02-19,79.0999984741211,24.790000915527344,25.8799991607666,4.214285850524902,41.54999923706055,24.867143630981445
2008-05-07,75.58999633789062,24.239999771118164,25.0,4.1028571128845215,43.90999984741211,23.78714370727539
2008-12-17,75.02999877929688,24.110000610351562,24.739999771118164,3.787142753601074,45.34000015258789,24.312856674194336
2008-10-14,72.23999786376953,23.469999313354492,23.309999465942383,3.828571319580078,46.41999816894531,23.461427688598633
2008-09-12,74.16000366210938,24.219999313354492,24.049999237060547,3.8585715293884277,45.75,25.02857208251953
2009-03-23,72.51000213623047,23.899999618530273,22.75,3.857142925262451,44.40999984741211,24.227142333984375
2008-10-29,72.37000274658203,24.200000762939453,22.610000610351562,3.9285714626312256,43.83000183105469,24.73714256286621
2008-08-26,72.37999725341797,23.690000534057617,21.559999465942383,4.048571586608887,44.0099983215332,25.05714225769043
2008-03-19,74.55999755859375,24.729999542236328,23.59000015258789,4.0585713386535645,44.849998474121094,25.742856979370117
2008-07-25,70.69999694824219,23.329999923706055,21.6200008392334,4.067142963409424,45.470001220703125,24.988571166992188
2008-06-23,69.4000015258789,22.559999465942383,21.309999465942383,3.9314286708831787,47.970001220703125,25.067142486572266
2009-03-06,69.30999755859375,23.860000610351562,22.799999237060547,3.901428461074829,49.29999923706055,25.605714797973633
2008-05-22,65.87000274658203,21.010000228881836,19.549999237060547,3.9442856311798096,51.20000076293945,24.639999389648438
2009-02-02,66.94000244140625,23.780000686645508,19.450000762939453,3.9228570461273193,49.779998779296875,24.314285278320312
2009-04-07,71.19999694824219,26.969999313354492,23.950000762939453,3.9957141876220703,47.939998626708984,24.871429443359375
2009-01-16,69.94000244140625,28.079999923706055,27.459999084472656,3.9728572368621826,47.369998931884766,24.07428550720215
2008-12-15,69.5199966430664,28.049999237060547,30.309999465942383,3.8614284992218018,47.900001525878906,23.842857360839844
2008-11-13,67.08999633789062,27.290000915527344,27.850000381469727,3.908571481704712,48.79999923706055,21.285715103149414
2009-02-17,67.45999908447266,30.1200008392334,32.04999923706055,3.8842856884002686,47.40999984741211,23.56999969482422
2008-04-03,76.30000305175781,30.700000762939453,33.66999816894531,3.9471428394317627,44.02000045776367,23.474285125732422
2008-01-30,79.62999725341797,29.329999923706055,30.600000381469727,4.055714130401611,43.880001068115234,22.91428565979004
2008-05-05,77.08999633789062,29.0,29.34000015258789,4.0,43.869998931884766,23.191429138183594
2008-09-10,76.48999786376953,28.170000076293945,28.15999984741211,4.127142906188965,44.310001373291016,22.20142936706543
2008-07-08,78.36000061035156,31.0,33.380001068115234,4.421428680419922,41.290000915527344,22.540000915527344
2008-06-06,76.75,30.709999084472656,32.72999954223633,4.340000152587891,43.150001525878906,22.505714416503906
2009-04-16,76.36000061035156,30.270000457763672,33.20000076293945,4.364285945892334,42.27000045776367,22.842857360839844
2008-07-23,75.98999786376953,30.100000381469727,32.599998474121094,4.237143039703369,40.0099983215332,22.371429443359375
2009-03-04,76.91999816894531,30.549999237060547,33.279998779296875,4.327142715454102,39.04999923706055,22.202857971191406
2008-05-20,78.55000305175781,30.799999237060547,33.02000045776367,4.25428581237793,37.54999923706055,22.85285758972168
2008-12-30,77.01000213623047,29.90999984741211,32.7599983215332,4.235714435577393,37.209999084472656,23.244285583496094
2008-11-28,76.77999877929688,29.030000686645508,30.969999313354492,4.357142925262451,35.43000030517578,23.408571243286133
2008-03-17,80.18000030517578,30.200000762939453,32.18000030517578,4.405714511871338,35.20000076293945,24.295713424682617
2008-02-14,87.31999969482422,31.0,32.959999084472656,4.6185712814331055,33.18000030517578,24.788572311401367
2008-04-18,86.27999877929688,30.139999389648438,30.479999542236328,4.382857322692871,33.900001525878906,25.42571449279785
2008-10-27,85.70999908447266,29.18000030517578,28.940000534057617,4.414285659790039,34.66999816894531,25.4757137298584
2008-09-25,88.27999877929688,29.809999465942383,30.5,4.575714111328125,33.060001373291016,25.5771427154541
2009-04-22,86.08999633789062,29.8700008392334,30.709999084472656,4.475714206695557,33.0,25.08142852783203
2008-10-10,83.08999633789062,28.5,28.959999084472656,4.347142696380615,32.45000076293945,24.93428611755371
2008-09-08,82.0,28.010000228881836,28.299999237060547,4.3085713386535645,33.900001525878906,24.96714210510254
2008-08-07,81.41000366210938,28.170000076293945,28.649999618530273,4.278571605682373,35.349998474121094,24.924285888671875
2009-03-19,84.2699966430664,29.219999313354492,29.979999542236328,4.300000190734863,35.34000015258789,25.117143630981445
2008-06-04,84.62999725341797,28.920000076293945,29.940000534057617,4.348571300506592,34.61000061035156,25.16428565979004
2009-01-14,82.73999786376953,28.690000534057617,29.049999237060547,4.274285793304443,34.31999969482422,24.68000030517578
2008-01-28,81.44000244140625,28.729999542236328,29.170000076293945,4.272857189178467,35.209999084472656,24.75857162475586
2008-04-01,82.20999908447266,29.350000381469727,30.190000534057617,4.334285736083984,36.41999816894531,25.040000915527344
2008-02-29,82.9000015258789,30.170000076293945,30.989999771118164,4.44857120513916,35.54999923706055,24.70857048034668
2008-11-11,83.16000366210938,31.219999313354492,32.72999954223633,4.45285701751709,32.95000076293945,24.628570556640625
2009-04-28,81.4000015258789,31.1200008392334,32.209999084472656,4.440000057220459,32.75,23.834285736083984
2009-05-01,80.5999984741211,30.559999465942383,32.58000183105469,4.377142906188965,31.81999969482422,23.694286346435547
2008-11-26,77.33999633789062,29.56999969482422,30.079999923706055,4.205714225769043,31.260000228881836,22.65571403503418
2008-09-23,82.25,33.2400016784668,35.2599983215332,4.309999942779541,31.889999389648438,23.510000228881836
2008-08-22,80.76000213623047,33.06999969482422,34.29999923706055,4.29714298248291,28.6200008392334,22.408571243286133
2008-07-21,80.01000213623047,31.5,32.970001220703125,4.145714282989502,26.940000534057617,21.760000228881836
2008-06-19,75.2699966430664,30.700000762939453,30.959999084472656,4.02571439743042,27.450000762939453,21.16857147216797
2009-03-02,78.80999755859375,33.2599983215332,32.279998779296875,4.04714298248291,27.56999969482422,21.558570861816406
2008-04-16,76.86000061035156,32.66999816894531,28.229999542236328,4.168571472167969,29.610000610351562,20.290000915527344
2008-02-12,76.80000305175781,31.200000762939453,25.030000686645508,3.962857246398926,26.770000457763672,19.12285804748535
2009-01-29,77.68000030517578,33.79999923706055,28.6200008392334,4.045714378356934,28.75,19.784286499023438
2009-04-03,73.08000183105469,34.279998779296875,28.1200008392334,4.079999923706055,34.13999938964844,18.652856826782227
2009-05-04,80.12000274658203,44.29999923706055,38.540000915527344,4.5714287757873535,31.06999969482422,20.371429443359375
2009-05-07,81.12999725341797,39.150001525878906,35.970001220703125,4.485714435577393,36.52000045776367,19.99142837524414
2008-02-27,75.79000091552734,35.04999923706055,34.400001525878906,4.548571586608887,38.349998474121094,18.83571434020996
2009-03-17,72.30000305175781,35.099998474121094,33.77000045776367,4.501428604125977,38.2400016784668,18.181428909301758
2008-06-02,70.66000366210938,35.25,34.06999969482422,4.555714130401611,38.04999923706055,18.542856216430664
2009-02-13,69.5199966430664,33.27000045776367,33.7599983215332,4.608571529388428,37.369998931884766,17.84428596496582
2008-05-01,68.41000366210938,36.0,36.70000076293945,4.617142677307129,36.810001373291016,17.088571548461914
2009-01-12,65.83999633789062,35.36000061035156,32.400001525878906,4.574285507202148,38.189998626708984,15.464285850524902
2008-12-11,71.77999877929688,36.97999954223633,34.56999969482422,4.332857131958008,36.709999084472656,15.988571166992188
2008-10-08,67.62999725341797,37.0,37.84000015258789,4.257143020629883,35.810001373291016,15.430000305175781
2008-08-05,69.41999816894531,37.97999954223633,37.86000061035156,4.172857284545898,31.459999084472656,14.857142448425293
2009-05-20,64.05999755859375,33.29999923706055,31.780000686645508,3.7142856121063232,33.099998474121094,13.1371431350708
2008-04-14,65.79000091552734,34.099998474121094,29.649999618530273,3.8314285278320312,31.389999389648438,14.35428524017334
2008-03-13,55.63999938964844,29.950000762939453,20.350000381469727,3.132857084274292,31.809999465942383,12.272856712341309
2008-05-16,61.970001220703125,33.060001373291016,23.329999923706055,3.25,34.70000076293945,13.335714340209961
2008-10-23,52.9900016784668,25.43000030517578,19.399999618530273,3.187142848968506,33.970001220703125,12.242856979370117
2008-08-20,58.959999084472656,30.649999618530273,23.780000686645508,3.6085715293884277,31.350000381469727,14.935714721679688
2008-06-17,63.5,32.970001220703125,26.43000030517578,3.7514286041259766,29.0,16.608572006225586
2009-01-27,54.459999084472656,32.29999923706055,25.399999618530273,3.4128570556640625,29.3799991607666,14.834285736083984
2008-12-26,46.400001525878906,32.88999938964844,24.40999984741211,3.2742857933044434,27.829999923706055,14.252857208251953
2008-11-24,48.83000183105469,33.400001525878906,23.540000915527344,3.23714280128479,23.6200008392334,14.228571891784668
2009-04-01,52.16999816894531,32.72999954223633,23.920000076293945,3.4342856407165527,24.479999542236328,14.25428581237793
2009-05-19,51.86000061035156,31.579999923706055,23.950000762939453,3.357142925262451,25.299999237060547,13.850000381469727
2009-05-22,50.04999923706055,31.84000015258789,23.440000534057617,2.9657142162323,22.56999969482422,13.90999984741211
2008-12-09,43.369998931884766,31.209999084472656,22.579999923706055,2.8942856788635254,19.360000610351562,13.787142753601074
2008-11-07,44.75,29.040000915527344,20.489999771118164,2.8585715293884277,17.270000457763672,12.904285430908203
2008-01-24,49.0,30.420000076293945,20.8700008392334,2.712857246398926,19.84000015258789,13.581428527832031
2008-02-25,51.5,31.75,21.290000915527344,2.619999885559082,18.8799991607666,13.632857322692871
2008-03-28,55.529998779296875,34.060001373291016,23.0,2.9100000858306885,21.25,14.408571243286133
2008-04-29,58.7599983215332,33.150001525878906,23.309999465942383,3.278571367263794,23.68000030517578,15.46142864227295
2008-10-06,56.0099983215332,31.600000381469727,22.350000381469727,3.2642858028411865,23.81999969482422,15.342857360839844
2008-09-04,56.349998474121094,34.15999984741211,23.969999313354492,3.502857208251953,23.3700008392334,15.132857322692871
2008-07-02,57.15999984741211,34.47999954223633,24.030000686645508,3.385714292526245,23.43000030517578,15.712857246398926
2009-02-11,57.470001220703125,34.630001068115234,24.110000610351562,3.4285714626312256,24.8799991607666,15.558571815490723
2009-05-28,49.79999923706055,29.780000686645508,21.6200008392334,3.212857246398926,25.299999237060547,14.435714721679688
2009-02-26,47.7599983215332,27.399999618530273,20.440000534057617,3.078571319580078,23.799999237060547,14.177143096923828
2008-07-17,49.97999954223633,29.940000534057617,21.049999237060547,3.171428680419922,25.270000457763672,14.3100004196167
2008-05-14,47.099998474121094,27.950000762939453,19.149999618530273,3.062857151031494,24.270000457763672,13.544285774230957
2008-12-24,43.9900016784668,28.31999969482422,18.350000381469727,3.1057143211364746,22.829999923706055,13.204285621643066
2008-02-08,41.400001525878906,27.510000228881836,17.15999984741211,2.9342856407165527,21.280000686645508,12.838571548461914
2008-03-11,43.61000061035156,28.200000762939453,16.84000015258789,3.4157142639160156,23.739999771118164,13.394286155700684
2008-10-21,39.90999984741211,28.190000534057617,16.209999084472656,3.155714273452759,21.809999465942383,12.640000343322754
2008-09-19,39.72999954223633,27.969999313354492,15.170000076293945,3.0614285469055176,21.270000457763672,12.80571460723877
2008-08-18,37.970001220703125,27.100000381469727,14.8100004196167,3.069999933242798,21.329999923706055,12.777142524719238
2009-03-30,35.290000915527344,23.8799991607666,12.8100004196167,2.892857074737549,21.200000762939453,12.177143096923828
2008-08-01,36.38999938964844,22.920000076293945,12.079999923706055,2.7142856121063232,22.200000762939453,11.704285621643066
2008-09-02,38.790000915527344,22.979999542236328,12.59000015258789,2.872857093811035,28.510000228881836,12.172857284545898
2009-03-13,42.09000015258789,26.979999542236328,15.229999542236328,3.142857074737549,28.899999618530273,13.518571853637695
2009-01-08,40.869998931884766,26.350000381469727,14.319999694824219,3.0428571701049805,27.479999542236328,12.845714569091797
2008-01-22,44.029998779296875,28.3700008392334,15.430000305175781,3.190000057220459,29.3799991607666,13.528571128845215
2008-03-26,42.0,28.040000915527344,15.59000015258789,3.171428680419922,27.6200008392334,13.04285717010498
2008-05-29,41.38999938964844,24.170000076293945,13.460000038146973,3.1985714435577393,27.139999389648438,12.861428260803223
2008-11-05,40.15999984741211,24.860000610351562,13.699999809265137,3.231428623199463,26.6299991607666,12.771428108215332
2009-02-09,45.939998626708984,27.540000915527344,14.739999771118164,3.2842857837677,26.229999542236328,13.489999771118164
2008-06-30,45.88999938964844,27.100000381469727,13.899999618530273,3.2928571701049805,24.93000030517578,12.907142639160156
2009-02-24,49.150001525878906,30.639999389648438,16.190000534057617,3.5714285373687744,27.170000076293945,13.89714241027832
2008-11-20,49.810001373291016,32.13999938964844,17.399999618530273,3.598571538925171,26.75,14.005714416503906
2008-09-17,51.459999084472656,30.559999465942383,17.270000457763672,4.041428565979004,29.360000610351562,13.981428146362305
2009-01-23,49.33000183105469,28.219999313354492,16.329999923706055,3.9785714149475098,31.75,13.907142639160156
2008-04-10,47.52000045776367,24.84000015258789,14.109999656677246,4.048571586608887,29.8700008392334,13.257143020629883
2008-02-06,50.650001525878906,26.979999542236328,15.050000190734863,3.9285714626312256,32.310001373291016,13.712857246398926
2008-05-12,49.619998931884766,26.469999313354492,14.180000305175781,4.142857074737549,32.86000061035156,13.425714492797852
2008-07-15,52.2599983215332,29.200000762939453,14.819999694824219,4.077142715454102,35.0,13.00428581237793
2008-12-22,53.0,30.260000228881836,14.850000381469727,4.085714340209961,35.11000061035156,12.75857162475586
2008-06-13,51.59000015258789,30.09000015258789,14.069999694824219,4.111428737640381,32.2599983215332,12.84857177734375
2008-10-24,51.599998474121094,29.110000610351562,13.899999618530273,4.038571357727051,33.91999816894531,12.859999656677246
2009-01-06,50.119998931884766,27.959999084472656,13.430000305175781,3.9928572177886963,32.61000061035156,12.40999984741211
2008-05-27,51.65999984741211,27.299999237060547,12.75,3.8685715198516846,33.68000030517578,12.30571460723877
2008-12-05,53.790000915527344,27.56999969482422,13.65999984741211,3.8757143020629883,34.2400016784668,12.377142906188965
2009-03-11,51.43000030517578,27.889999389648438,13.569999694824219,4.105714321136475,36.4900016784668,12.359999656677246
2008-11-03,49.5099983215332,27.809999465942383,13.09000015258789,4.038571357727051,36.380001068115234,12.488571166992188
2008-10-02,50.7400016784668,28.690000534057617,13.09000015258789,4.108571529388428,35.720001220703125,12.281428337097168
2008-02-21,51.349998474121094,29.18000030517578,13.920000076293945,4.2171430587768555,35.970001220703125,12.268571853637695
2008-03-24,55.72999954223633,29.739999771118164,14.380000114440918,4.327142715454102,34.380001068115234,13.3100004196167
2008-04-25,54.54999923706055,28.670000076293945,14.270000457763672,4.591428756713867,34.22999954223633,13.70714282989502
2008-07-30,56.290000915527344,27.079999923706055,14.109999656677246,4.715714454650879,33.470001220703125,13.115714073181152
2008-09-15,54.9900016784668,25.360000610351562,13.819999694824219,4.6185712814331055,32.22999954223633,12.918571472167969
2008-08-14,56.91999816894531,25.950000762939453,13.680000305175781,4.769999980926514,32.75,13.315713882446289
2008-06-11,54.119998931884766,25.190000534057617,12.859999656677246,4.601428508758545,31.75,12.922857284545898
2009-01-21,50.959999084472656,23.489999771118164,11.1899995803833,4.432857036590576,31.200000762939453,12.605713844299316
2008-11-18,50.099998474121094,23.360000610351562,10.09000015258789,4.362857341766357,31.979999542236328,12.319999694824219
2008-03-07,48.560001373291016,22.989999771118164,9.699999809265137,4.182857036590576,32.0,11.510000228881836
2008-02-04,51.79999923706055,20.829999923706055,8.989999771118164,4.561428546905518,34.880001068115234,12.04285717010498
2008-04-08,50.75,16.770000457763672,6.480000019073486,4.4285712242126465,34.400001525878906,11.704285621643066
2008-10-17,49.310001373291016,15.0,5.539999961853027,4.325714111328125,34.790000915527344,11.341428756713867
2009-03-26,49.41999816894531,16.040000915527344,6.369999885559082,4.264285564422607,35.86000061035156,12.577142715454102
2008-08-21,48.900001525878906,14.930000305175781,5.369999885559082,4.331428527832031,36.59000015258789,12.402856826782227
2009-04-15,50.18000030517578,16.200000762939453,6.460000038146973,4.342857360839844,40.63999938964844,12.69428539276123
2008-01-18,49.29999923706055,15.800000190734863,6.300000190734863,4.71999979019165,37.59000015258789,12.884285926818848
2008-02-19,49.720001220703125,19.010000228881836,7.639999866485596,4.998571395874023,37.45000076293945,13.15999984741211
2008-12-03,49.959999084472656,19.829999923706055,6.960000038146973,5.057142734527588,35.70000076293945,13.298571586608887
2008-09-30,57.36000061035156,19.350000381469727,6.880000114440918,5.135714054107666,39.4900016784668,13.228571891784668
2008-08-29,58.56999969482422,18.40999984741211,6.199999809265137,5.079999923706055,36.33000183105469,12.728571891784668
2008-07-28,60.869998931884766,19.649999618530273,6.159999847412109,5.269999980926514,36.34000015258789,13.131428718566895
2008-06-26,63.380001068115234,18.5,5.46999979019165,5.285714149475098,36.689998626708984,13.317142486572266
2009-03-09,61.150001525878906,17.229999542236328,4.559999942779541,5.085714340209961,38.2599983215332,13.252857208251953
2009-02-05,63.18000030517578,17.350000381469727,5.389999866485596,5.260000228881836,37.630001068115234,13.859999656677246
2008-04-23,66.55999755859375,19.15999984741211,6.570000171661377,5.262856960296631,38.45000076293945,14.285714149475098
2009-04-24,66.1500015258789,18.84000015258789,6.849999904632568,5.230000019073486,38.75,14.475714683532715
2008-06-09,63.099998474121094,16.75,5.800000190734863,5.144285678863525,37.630001068115234,13.767143249511719
2009-02-20,63.25,16.540000915527344,5.71999979019165,5.242856979370117,38.13999938964844,13.6899995803833
2008-03-05,63.970001220703125,16.350000381469727,5.679999828338623,5.4285712242126465,38.5,14.14142894744873
2008-05-08,61.66999816894531,14.579999923706055,5.070000171661377,5.429999828338623,38.86000061035156,13.838571548461914
2008-12-18,62.27000045776367,14.329999923706055,5.159999847412109,5.341428756713867,37.36000061035156,13.578571319580078
2008-10-15,62.84000015258789,12.90999984741211,4.059999942779541,5.237143039703369,38.0,13.338571548461914
2008-08-12,61.06999969482422,11.069999694824219,3.609999895095825,5.2328572273254395,37.54999923706055,12.771428108215332
2008-07-11,64.16000366210938,11.760000228881836,4.289999961853027,5.265714168548584,35.869998931884766,13.092857360839844
2009-03-24,61.970001220703125,11.390000343322754,4.03000020980835,5.088571548461914,35.59000015258789,12.492856979370117
2009-04-27,64.9000015258789,12.960000038146973,4.809999942779541,5.227142810821533,31.489999771118164,12.837142944335938
2009-04-30,64.12000274658203,14.59000015258789,5.610000133514404,5.07285737991333,30.719999313354492,13.142857551574707
2008-08-27,61.2599983215332,12.550000190734863,4.25,5.111428737640381,32.33000183105469,12.561429023742676
2008-01-16,63.939998626708984,10.979999542236328,3.609999895095825,5.057142734527588,30.68000030517578,12.588571548461914
2008-04-21,62.75,11.479999542236328,3.950000047683716,4.898571491241455,27.760000228881836,12.704285621643066
2008-03-20,62.79999923706055,11.319999694824219,3.380000114440918,5.29714298248291,28.979999542236328,12.882857322692871
2008-06-24,64.12000274658203,8.890000343322754,3.4000000953674316,5.24571418762207,27.729999542236328,12.922857284545898
2008-05-23,65.19999694824219,8.729999542236328,3.2899999618530273,5.497142791748047,29.25,12.619999885559082
2009-02-03,62.20000076293945,8.649999618530273,3.2200000286102295,5.458571434020996,28.3799991607666,12.025713920593262
2009-01-02,62.4900016784668,11.180000305175781,4.349999904632568,5.601428508758545,27.969999313354492,12.124285697937012
2008-12-01,66.23999786376953,12.420000076293945,5.300000190734863,5.512856960296631,26.34000015258789,12.829999923706055
2008-10-30,68.3499984741211,11.539999961853027,4.920000076293945,5.258571624755859,27.920000076293945,13.271428108215332
2008-11-14,69.63999938964844,14.479999542236328,6.25,5.704285621643066,29.670000076293945,13.757143020629883
2008-10-13,68.55999755859375,14.40999984741211,6.21999979019165,5.668571472167969,29.100000381469727,13.789999961853027
2008-09-11,67.37000274658203,13.569999694824219,6.070000171661377,5.535714149475098,29.479999542236328,13.605713844299316
2008-03-03,70.97000122070312,14.399999618530273,6.360000133514404,5.814285755157471,28.520000457763672,14.272856712341309
2008-01-31,71.4000015258789,17.459999084472656,8.430000305175781,6.064285755157471,33.310001373291016,14.550000190734863
2008-04-04,70.38999938964844,15.390000343322754,6.96999979019165,5.9728569984436035,32.970001220703125,14.584285736083984
2008-05-06,71.36000061035156,15.899999618530273,7.369999885559082,5.949999809265137,33.369998931884766,14.672857284545898
2008-07-09,74.8499984741211,16.549999237060547,7.320000171661377,6.145714282989502,32.25,15.19428539276123
2009-02-18,73.08999633789062,16.299999237060547,7.769999980926514,6.175714492797852,32.25,15.368571281433105
2008-12-16,73.47000122070312,16.850000381469727,7.880000114440918,5.958571434020996,33.349998474121094,15.404285430908203
2009-05-12,71.61000061035156,15.359999656677246,7.199999809265137,5.891428470611572,32.2599983215332,15.46142864227295
2009-05-18,70.4000015258789,14.699999809265137,6.699999809265137,5.644285678863525,31.420000076293945,14.930000305175781
2008-05-21,72.61000061035156,14.010000228881836,6.360000133514404,6.03000020980835,32.849998474121094,15.064285278320312
2008-12-31,73.0199966430664,13.720000267028809,6.449999809265137,6.111428737640381,33.06999969482422,14.869999885559082
2008-10-28,73.62999725341797,15.920000076293945,7.849999904632568,6.252857208251953,33.119998931884766,15.734285354614258
2008-03-18,76.41999816894531,15.170000076293945,7.090000152587891,6.152857303619385,32.22999954223633,16.312856674194336
2008-02-15,77.26000213623047,15.479999542236328,7.239999771118164,6.141428470611572,29.739999771118164,16.420000076293945
2008-09-26,76.97000122070312,14.760000228881836,7.21999979019165,6.349999904632568,29.200000762939453,16.64714241027832
2008-08-25,75.93000030517578,15.100000381469727,7.489999771118164,6.30142879486084,29.450000762939453,16.489999771118164
2008-07-24,77.51000213623047,19.84000015258789,8.149999618530273,6.362857341766357,28.940000534057617,16.917142868041992
2009-03-05,79.83999633789062,18.850000381469727,9.399999618530273,6.7071428298950195,29.40999984741211,17.144285202026367
2009-04-06,78.0,19.280000686645508,11.180000305175781,6.947143077850342,29.09000015258789,17.08142852783203
2009-05-21,75.5,17.969999313354492,9.680000305175781,6.757143020629883,29.270000457763672,16.742856979370117
2008-08-08,75.33000183105469,19.65999984741211,10.890000343322754,6.6785712242126465,29.709999084472656,17.027143478393555
2008-07-07,76.77999877929688,19.40999984741211,10.680000305175781,6.871428489685059,28.0,17.31142807006836
2008-06-05,78.44000244140625,18.969999313354492,9.75,6.968571662902832,28.030000686645508,17.389999389648438
2009-01-15,77.33000183105469,16.559999465942383,7.210000038146973,7.062857151031494,29.5,16.984285354614258
2008-04-02,78.16999816894531,18.209999084472656,8.430000305175781,6.582857131958008,28.6200008392334,17.518571853637695
2008-01-29,81.33000183105469,18.6200008392334,8.59000015258789,6.539999961853027,28.579999923706055,18.088571548461914
2008-11-12,82.02999877929688,20.6299991607666,9.0600004196167,6.218571662902832,30.100000381469727,17.805713653564453
2008-09-09,83.87999725341797,20.459999084472656,8.65999984741211,6.2771430015563965,30.3700008392334,17.55714225769043
2009-03-20,82.68000030517578,19.3799991607666,8.039999961853027,6.537142753601074,29.09000015258789,17.621429443359375
2009-04-21,82.98999786376953,19.84000015258789,8.470000267028809,6.5,29.75,17.83571434020996
2009-05-27,80.93000030517578,20.360000610351562,9.119999885559082,6.47428560256958,29.360000610351562,18.031429290771484
2008-02-11,80.37999725341797,19.979999542236328,8.789999961853027,6.464285850524902,29.0,17.97142791748047
2008-09-24,80.26000213623047,20.440000534057617,8.890000343322754,6.360000133514404,29.520000457763672,18.31999969482422
2008-07-22,81.01000213623047,23.6299991607666,10.270000457763672,6.418571472167969,31.559999465942383,18.821428298950195
2008-06-20,82.87999725341797,24.510000228881836,11.930000305175781,6.44857120513916,31.969999313354492,19.047142028808594
2009-03-03,82.7300033569336,27.950000762939453,14.75,6.077142715454102,33.68000030517578,18.904285430908203
2008-05-19,79.69000244140625,24.030000686645508,14.229999542236328,5.7171430587768555,33.15999984741211,18.43428611755371
2009-01-30,76.80000305175781,27.190000534057617,13.600000381469727,5.648571491241455,33.349998474121094,18.195714950561523
2008-02-13,78.69999694824219,26.739999771118164,13.229999542236328,5.664285659790039,34.290000915527344,18.50857162475586
2008-04-17,76.25,24.68000030517578,11.930000305175781,5.714285850524902,34.43000030517578,17.601428985595703
2008-12-29,73.79000091552734,24.25,10.819999694824219,5.345714092254639,34.220001220703125,17.11142921447754
2009-05-06,74.54000091552734,25.579999923706055,11.34000015258789,5.378571510314941,34.20000076293945,17.474285125732422
2008-05-02,73.95999908447266,26.020000457763672,11.550000190734863,5.570000171661377,33.58000183105469,17.67571449279785
2009-01-13,75.43000030517578,27.020000457763672,11.949999809265137,5.588571548461914,33.790000915527344,18.117143630981445
2008-12-12,78.5,25.860000610351562,11.880000114440918,5.744285583496094,34.66999816894531,18.23285675048828
2008-11-10,76.75,23.450000762939453,11.449999809265137,5.714285850524902,36.130001068115234,17.878570556640625
2008-10-09,76.0999984741211,25.079999923706055,11.600000381469727,5.650000095367432,37.54999923706055,17.72142791748047
2008-08-06,75.02999877929688,24.229999542236328,10.899999618530273,5.514285564422607,37.099998474121094,17.822856903076172
2009-03-18,78.51000213623047,25.850000381469727,11.319999694824219,5.721428394317627,37.0099983215332,18.825714111328125
2008-02-28,77.69999694824219,24.170000076293945,10.90999984741211,5.531428337097168,36.61000061035156,19.064285278320312
2008-03-31,77.72000122070312,24.790000915527344,11.489999771118164,5.539999961853027,38.560001373291016,19.341428756713867
2008-06-03,78.20999908447266,25.760000228881836,11.40999984741211,5.712857246398926,38.54999923706055,19.49571418762207
